{
  "intercept": 0.0982964577565648,
  "home_advantage": 0.23230187001980526,
  "rho": -0.05710637102897851,
  "meta": {
    "n_matches": 11409,
    "n_teams": 252,
    "reference_date": "2026-07-14",
    "half_life_days": 730.0,
    "max_age_years": 12.0,
    "min_matches": 10,
    "l2": 1.0,
    "converged": true,
    "final_nll": 31138.14418485208
  }
}