{
  "intercept": 0.09816786110152567,
  "home_advantage": 0.2325973019696234,
  "rho": -0.05710812291903566,
  "meta": {
    "n_matches": 11410,
    "n_teams": 252,
    "reference_date": "2026-07-10",
    "half_life_days": 730.0,
    "max_age_years": 12.0,
    "min_matches": 10,
    "l2": 1.0,
    "converged": true,
    "final_nll": 31142.81432416593
  }
}