{
  "intercept": 0.09610619710490548,
  "home_advantage": 0.23291286498031477,
  "rho": -0.055000074747250945,
  "meta": {
    "n_matches": 11394,
    "n_teams": 252,
    "reference_date": "2026-06-21",
    "half_life_days": 730.0,
    "max_age_years": 12.0,
    "min_matches": 10,
    "l2": 1.0,
    "converged": true,
    "final_nll": 31099.85132581894
  }
}