{
  "intercept": 0.09653986028854811,
  "home_advantage": 0.23204822249797102,
  "rho": -0.05517758392009466,
  "meta": {
    "n_matches": 11394,
    "n_teams": 252,
    "reference_date": "2026-06-22",
    "half_life_days": 730.0,
    "max_age_years": 12.0,
    "min_matches": 10,
    "l2": 1.0,
    "converged": true,
    "final_nll": 31095.178851178676
  }
}