{
  "intercept": 0.09698175188254426,
  "home_advantage": 0.2329085373007514,
  "rho": -0.05837506094511361,
  "meta": {
    "n_matches": 11403,
    "n_teams": 252,
    "reference_date": "2026-06-30",
    "half_life_days": 730.0,
    "max_age_years": 12.0,
    "min_matches": 10,
    "l2": 1.0,
    "converged": true,
    "final_nll": 31114.6232988793
  }
}