{
  "intercept": 0.09792315887707667,
  "home_advantage": 0.23240251849714003,
  "rho": -0.05655349764696944,
  "meta": {
    "n_matches": 11409,
    "n_teams": 252,
    "reference_date": "2026-07-06",
    "half_life_days": 730.0,
    "max_age_years": 12.0,
    "min_matches": 10,
    "l2": 1.0,
    "converged": true,
    "final_nll": 31136.90852144741
  }
}