{
  "intercept": 0.09578674395170435,
  "home_advantage": 0.23306516257258283,
  "rho": -0.05534688445408117,
  "meta": {
    "n_matches": 11394,
    "n_teams": 252,
    "reference_date": "2026-06-23",
    "half_life_days": 730.0,
    "max_age_years": 12.0,
    "min_matches": 10,
    "l2": 1.0,
    "converged": true,
    "final_nll": 31091.16807761197
  }
}