{
  "intercept": 0.09471299792607753,
  "home_advantage": 0.23497626760298312,
  "rho": -0.053536627440237836,
  "meta": {
    "n_matches": 11392,
    "n_teams": 252,
    "reference_date": "2026-06-19",
    "half_life_days": 730.0,
    "max_age_years": 12.0,
    "min_matches": 10,
    "l2": 1.0,
    "converged": true,
    "final_nll": 31079.684904515063
  }
}