{
  "intercept": 0.09762051516390723,
  "home_advantage": 0.23209562175701107,
  "rho": -0.0577627768920392,
  "meta": {
    "n_matches": 11409,
    "n_teams": 252,
    "reference_date": "2026-07-04",
    "half_life_days": 730.0,
    "max_age_years": 12.0,
    "min_matches": 10,
    "l2": 1.0,
    "converged": true,
    "final_nll": 31127.83029881961
  }
}