{
  "intercept": 0.09584074099463023,
  "home_advantage": 0.2340194895464924,
  "rho": -0.05573280473451711,
  "meta": {
    "n_matches": 11398,
    "n_teams": 252,
    "reference_date": "2026-06-25",
    "half_life_days": 730.0,
    "max_age_years": 12.0,
    "min_matches": 10,
    "l2": 1.0,
    "converged": true,
    "final_nll": 31102.558678171692
  }
}