{
  "intercept": 0.0953937725344187,
  "home_advantage": 0.23316258055158423,
  "rho": -0.05511016449561301,
  "meta": {
    "n_matches": 11390,
    "n_teams": 252,
    "reference_date": "2026-06-16",
    "half_life_days": 730.0,
    "max_age_years": 12.0,
    "min_matches": 10,
    "l2": 1.0,
    "converged": true,
    "final_nll": 31072.184989186877
  }
}