{
  "intercept": 0.09554848958524874,
  "home_advantage": 0.2340148059508903,
  "rho": -0.055081360561249945,
  "meta": {
    "n_matches": 11392,
    "n_teams": 252,
    "reference_date": "2026-06-18",
    "half_life_days": 730.0,
    "max_age_years": 12.0,
    "min_matches": 10,
    "l2": 1.0,
    "converged": true,
    "final_nll": 31091.690301132614
  }
}