{
  "intercept": 0.10021316516364255,
  "home_advantage": 0.23018251443938711,
  "rho": -0.056598476198513784,
  "meta": {
    "n_matches": 11411,
    "n_teams": 252,
    "reference_date": "2026-07-19",
    "half_life_days": 730.0,
    "max_age_years": 12.0,
    "min_matches": 10,
    "l2": 1.0,
    "converged": true,
    "final_nll": 31181.006463678124
  }
}