{
  "accuracy": 0.6388888888888888,
  "avg_prob_actual": 0.47391038113470696,
  "rps": 0.1519743020365144,
  "n": 72
}