{
  "accuracy": 0.6527777777777778,
  "avg_prob_actual": 0.47405352976945014,
  "rps": 0.15192886999811403,
  "n": 72
}