{
  "accuracy": 0.6388888888888888,
  "avg_prob_actual": 0.4739693664753535,
  "rps": 0.15195952952054403,
  "n": 72
}