{
  "accuracy": 0.6527777777777778,
  "avg_prob_actual": 0.47404776262023357,
  "rps": 0.15194360952878974,
  "n": 72
}