{
  "accuracy": 0.6527777777777778,
  "avg_prob_actual": 0.47403207299258465,
  "rps": 0.15195168071327936,
  "n": 72
}