{
  "accuracy": 0.6527777777777778,
  "avg_prob_actual": 0.4740368940849922,
  "rps": 0.15195640326621557,
  "n": 72
}