{
  "accuracy": 0.6527777777777778,
  "avg_prob_actual": 0.4739732987281562,
  "rps": 0.1519710210275229,
  "n": 72
}