{
  "accuracy": 0.6388888888888888,
  "avg_prob_actual": 0.4739139461517083,
  "rps": 0.15198216882423957,
  "n": 72
}