{
  "accuracy": 0.6527777777777778,
  "avg_prob_actual": 0.47397945779148526,
  "rps": 0.15196957427719276,
  "n": 72
}