{
  "accuracy": 0.6527777777777778,
  "avg_prob_actual": 0.4740616575903815,
  "rps": 0.1519482138786423,
  "n": 72
}