{
  "accuracy": 0.6527777777777778,
  "avg_prob_actual": 0.4740409159672109,
  "rps": 0.15194732289332272,
  "n": 72
}