{
  "accuracy": 0.6527777777777778,
  "avg_prob_actual": 0.47407446279940807,
  "rps": 0.15193259086894567,
  "n": 72
}