{
  "accuracy": 0.6527777777777778,
  "avg_prob_actual": 0.4740353400778718,
  "rps": 0.15194792262542378,
  "n": 72
}