{
  "accuracy": 0.6527777777777778,
  "avg_prob_actual": 0.4740409356288682,
  "rps": 0.151949577510735,
  "n": 72
}