{
  "accuracy": 0.6388888888888888,
  "avg_prob_actual": 0.47388836853844907,
  "rps": 0.15198441570827828,
  "n": 72
}