{
  "accuracy": 0.6527777777777778,
  "avg_prob_actual": 0.47400617250423427,
  "rps": 0.1519616973836646,
  "n": 72
}