{
  "accuracy": 0.6527777777777778,
  "avg_prob_actual": 0.4740448329447098,
  "rps": 0.15194057545776168,
  "n": 72
}