{
  "accuracy": 0.6527777777777778,
  "avg_prob_actual": 0.4740383312828982,
  "rps": 0.15194711750188006,
  "n": 72
}